type,name,year,asset_id,title,artist
life_of_rights,"Ryan Ellis, Chris McClarney, The Belonging Co + More Songwriter Royalties",,5677,41.0,
life_of_rights,Quando Rondo - Producer Royalties,,5757,17.0,
life_of_rights,NoMBe - Sound Recording Royalties,,5714,11.0,
30_year,Jenna Davis + More Songwriter Royalties,,5697,19.0,
life_of_rights,"One Ok Rock, Lower Than Atlantis + More Rock Royalties",,5758,75.0,
life_of_rights,Jonathan Thulin - Sound Recording Royalties,,5739,44.0,
life_of_rights,"Rod Wave, Mozzy, Chris Brown + more - Songwriter Royalties",,5691,33.0,
partial_30_year,"Tisoki, Aitana, Cami + More - Songwriting Royalties",,5623,101.0,
life_of_rights,Kay Flock’s “Opp Spotter” + More Publishing Royalties ,,5749,20.0,
life_of_rights,"R&B Songwriter Royalties: Case, Mary J. Blige, & Foxy Brown",,4325,58.0,
life_of_rights,Youngboy Never Broke Again - Producer Royalties,,5667,9.0,
30_year,Kay Flock’s “Opp Spotter” + More Songwriter Royalties ,,5751,185.0,
life_of_rights,Independent Electro-Pop from Simon Curtis - Publishing Royalties,,5737,78.0,
life_of_rights,Press Play - Sound Recording Royalties,,5740,54.0,
life_of_rights,Producer Royalties from Justin Bieber Recordings,,5678,67.0,
life_of_rights,"Urban Rescue, Jesus Culture, Chris McClarney + More - Publishing Royalties",,5671,160.0,
partial_10_year,Publishing Royalties by French Pop Artist Nej,,5408,4.0,
life_of_rights,"Chris Brown, Meek Mill, Tink + More Publishing Royalties",,5709,103.0,
partial_10_year,Songwriter Royalties From Popular Angel Taylor Tracks,,2783,13.0,
life_of_rights,Publishing Royalties from Rod Wave and JayDaYoungan,,5715,20.0,
life_of_rights,Blues & Rock Catalog: Joe Bonamassa and More,,3828,7.0,
life_of_rights,Songs by Future - Producer Royalties,,5682,13.0,
30_year,"G.R.L., AJ Styles' Theme and More Songwriting Royalties",,5698,85.0,
life_of_rights,"""Sh-Boom (Life Could Be A Dream)"" - Sound Recording Royalties",,5606,35.0,
life_of_rights,Shrek Film Score Music Royalties,,5724,512.0,
life_of_rights,"""Blood All On It"" by Gucci Mane and More - Songwriter Royalties",,5696,4.0,
partial_10_year,"Music for Television Including ""Black Lady Sketch Show"" and ""Real Housewives""",,4922,39.0,
30_year,"Bow Wow, YFN Lucci, Young Dylan + More - Songwriter Royalties",,5543,9.0,
30_year,"Beyonce, Logic, Nas + More - Songwriting Royalties",,5707,80.0,
life_of_rights,"Faithless, Dido, Santana + More - Songwriting Royalties",,5704,37.0,
life_of_rights,"Production Music from ""Love Don't Cost A Thing"", ""The Game"", + more",,4447,54.0,
partial_10_year,Pop & Hip-Hop With International Influence,,4807,12.0,
life_of_rights,Rock Royalties from Cage The Elephant,,5706,48.0,
life_of_rights,Jake & Logan Paul - Publishing Royalties,,5681,17.0,
30_year,"Wanmore, Danity Kane + More Hip-Hop & Pop Songwriting Royalties",,4353,16.0,
partial_30_year,"Usher's ""Bad Girl"" - Songwriter Royalties",,5137,3.0,
life_of_rights,"Rihanna, Kanye West + More Publishing Royalties",,5694,13.0,
life_of_rights,"DaBaby, Jeremih, Justin Beiber and More Pop and R&B Hits",,5683,13.0,
partial_10_year,Grammy-Awarded Artist Chris Brown,,3858,5.0,
life_of_rights,"3LAU, Duke & Jones + More - Songwriting Royalties",,5688,57.0,
life_of_rights,"""Blood All On It"" by Gucci Mane and More - Songwriter Royalties",,5273,4.0,
partial_30_year,"Rihanna, Future, Luh Kel + More - Songwriter Royalties",,5411,9.0,
partial_30_year,Durag Activity by Baby Keem feat. Travis Scott - Songwriter Royalties,,5198,2.0,
30_year,DJ Khaled’s “GREECE” (ft. Drake) + More Songwriter Royalties,,5640,39.0,
life_of_rights,Songs by Ali Gatie - Publishing Royalties,,5645,4.0,
life_of_rights,"Lil Tjay, Boss Top, Hunxho, + More - Publisher Royalties",,5364,85.0,
life_of_rights,Top K-Pop Artists - Performance Royalties,,5469,34.0,
life_of_rights,DJ Unk’s “Walk It Out” + More Songwriter Royalties,,5668,55.0,
life_of_rights,Songs by NBA Youngboy & Quando Rondo - Songwriter Royalties,,5669,3.0,
partial_10_year,International Pop & Hip-Hop Catalog,,4902,30.0,
life_of_rights,Publishing Royalties: Head & The Heart Indie-Folk + More,,5118,17.0,
life_of_rights,My Chemical Romance - International Publishing Royalties,,5233,26.0,
life_of_rights,"Skan & Krale, Brevis, Drama B + More - Songwriting Royalties",,5624,66.0,
life_of_rights,"Steve Aoki, Chocolate Puma + More Songwriter Royalties",,5658,41.0,
life_of_rights,Mary J. Blige’s “Family Affair” + More Publishing Royalties,,5664,8.0,
life_of_rights,"Beyonce, King Combs, Big Freedia - Songwriter Royalties",,5348,72.0,
life_of_rights,Cage The Elephant Publishing Royalties,,5644,46.0,
life_of_rights,Sonic The Hedgehog Theme ft. Wiz khalifa + More,,5421,6.0,
life_of_rights,"Yo Gotti, Young Jeezy, Gucci Mane, Lil Wayne + More Publishing Royalties",,5648,62.0,
life_of_rights,Earl’s “Tongue Tied” - Publishing Royalties,,5665,13.0,
life_of_rights,Songs from NoCap - Sound Recording Royalties,,5663,23.0,
30_year,"Songwriter Royalties - Sesame Street's ""Abby's Flying Fairy School""",,4213,65.0,
30_year,"Daphne Willis, Feelrs + More - Songwriting Royalties",,5638,56.0,
life_of_rights,YFN Lucci + More - Songwriting Royalties,,5656,10.0,
30_year,"Masego, Village Spillage, + More - Performance Royalties",,5631,18.0,
life_of_rights,"""Take You Away"" - Publishing Royalties",,5647,4.0,
partial_10_year,"Hit K-Pop, R&B, and Pop Royalties",,5476,26.0,
life_of_rights,"Andy Mineo, Wordsplayed + More Publishing Royalties",,5628,32.0,
life_of_rights,"Andy Mineo, Wordsplayed + More Songwriter Royalties",,5627,33.0,
life_of_rights,Thievery Corporation - Songwriter Royalties,,5630,19.0,
life_of_rights,Drakeo The Ruler + More - Publishing Royalties,,5632,25.0,
partial_10_year,Anderson .Paak's Grammy-Winning “Bubblin”,,5264,5.0,
life_of_rights,"Fin Argus, TYSM, Blackbear + More Pop Publishing Royalties",,5339,97.0,
life_of_rights,"""Sh-Boom (Life Could Be A Dream)"" - Songwriter Royalties",,5599,109.0,
life_of_rights,"Chris Brown, French Montana + More Songwriter Royalties",,5582,87.0,
life_of_rights,Producer Royalties from Hip-Hop Artist NF,,5178,14.0,
life_of_rights,"Publishing: NBA YoungBoy's ""Carter Son""",,4594,2.0,
life_of_rights,Shrek - Music From The Award-Winning Film Franchise,,5291,785.0,
life_of_rights,Pop Music Placed in TV/Film: Naomi August,,4523,24.0,
partial_30_year,Choices (Yup) & more E-40 classic tracks - Songwriter Royalties,,4766,7.0,
life_of_rights,Royalties From New Kids On The Block + Akon,,3816,3.0,
life_of_rights,"Hip-Hop Publishing feat. NoCap, Quando Rondo and More",,5004,11.0,
life_of_rights,"2Pac, Kreepa & Capone - Publisher Royalties",,5452,38.0,
life_of_rights,Royalty Share from Jimi Hendrix’s “Band of Gypsys”,,5604,9.0,
partial_10_year,Streaming-Driven Latin Hip-Hop,,3479,3.0,
30_year,"Bryson Tiller, Kid Cudi + More Songwriter Royalties",,5535,17.0,
partial_10_year,EDM and Electropop Songwriter Royalties,,5409,80.0,
30_year,"Tisoki, Aitana, Cami + More - Songwriting Royalties",,5583,101.0,
life_of_rights,"Bryson Tiller, Kid Cudi + More Publishing Royalties",,5533,8.0,
10_year,Marcus Anderson - Sound Recording Royalties,,5586,185.0,
life_of_rights,"Logic, Chrisette Michele, Ramsey Lewis + More - Publishing Royalties",,5461,115.0,
life_of_rights,"Migos, Kevin Gates + More Publishing Royalties",,5065,32.0,
life_of_rights,Robbie Rivera House Music Songwriting Royalties,,5311,117.0,
life_of_rights,Davie - Publishing Rights,,5511,25.0,
life_of_rights,MercyMe + More Publishing Royalties,,5570,90.0,
life_of_rights,How to Draw Cool Stuff - Book Royalties,,5569,3.0,
life_of_rights,"Wolfgang Gartner, deadmau5, Skrillex + More - Publishing Royalties",,5530,44.0,
life_of_rights,"Hip-Hop Publishing: Trippie Redd, PnB Rock & More",,3901,193.0,
life_of_rights,"One Ok Rock, Lower Than Atlantis + More Rock Royalties",,5562,75.0,
10_year,"Lost Frequencies, Tom Walker + More - Publishing Royalties",,5561,86.0,
life_of_rights,"Publishing - ""Shooters Inside My Crib"" by Quavo + More",,5259,7.0,
partial_30_year,"Alexis Spight, Usher, Boyz II Men + More Songwriter Royalties",,5459,71.0,
life_of_rights,"NBA YoungBoy, Rod Wave + More - Songwriter Royalties",,5577,34.0,
30_year,"Mary J. Blige, Jaheim, Diana Ross + More Songwriter Royalties",,5438,14.0,
partial_30_year,Hip-Hop Artist TVBUU - Songwriter Royalties,,5457,280.0,
life_of_rights,Youngboy Never Broke Again - Producer Royalties,,5576,5.0,
life_of_rights,"Classic Soul and R&B Sampled by Kanye, 50 Cent, and More",,4963,32.0,
30_year,"Lil Wayne's ""Mr. Carter"" + More Songwriter Royalties",,5559,16.0,
life_of_rights,Music Featured in Reality TV Franchises,,4768,2293.0,
life_of_rights,Electronic/Dance Royalties from RUNAGROUND,,5546,3.0,
life_of_rights,"""300 Violin Orchestra"" by Jorge Quintero - Songwriting Royalties",,5549,2.0,
life_of_rights,Music From Quentin Tarantino’s “Pulp Fiction”,,5197,2.0,
life_of_rights,"Token, Chris Webby + More - Songwriter Royalties",,5544,128.0,
30_year,Dishwalla - Songwriter Royalties,,5545,63.0,
life_of_rights,"New Hope Club, Lewis Capaldi, The Chainsmokers + More - Publishing Royalties",,5510,16.0,
life_of_rights,"DaBaby's ""Goin Baby"" + Rema's ""Are You There?"" - Songwriter Royalties",,5540,2.0,
partial_10_year,R&B & Pop Catalog: Featuring Trey Songz,,4004,16.0,
partial_10_year,Streaming Hip-Hop Catalog,,2991,13.0,
partial_10_year,"Southern Hip-Hop: Huey's ""Pop, Lock & Drop It""",,4429,77.0,
life_of_rights,"Dababy's ""Goin Baby"" + More - Publisher Royalties",,5516,2.0,
life_of_rights,Electronic/Dance Royalties from RUNAGROUND,,4967,3.0,
life_of_rights,"City Girls' ""Twerk"" ft. Cardi B + More Songwriter Royalties",,5529,18.0,
life_of_rights,"Swedish Hip-Hop from 2.Clock, Z.E & More",,5381,16.0,
life_of_rights,"German Pop, Rap, Techno - Sound Recording Royalties",,5524,289.0,
life_of_rights,"$UICIDEBOY$, Three 6 Mafia, MC Mack + More - Songwriting Royalties",,5482,209.0,
life_of_rights,"James Blunt, Little Mix + More Pop Songwriting Royalties",,5297,49.0,
30_year,"Logic, Chrisette Michelle, K-Pop + More - Songwriter Royalties",,5460,274.0,
partial_30_year,Rob Curly Songwriter Royalties,,5127,49.0,
30_year,"Davie's ""Testify"" - Songwriter Royalties",,5502,2.0,
life_of_rights,Publishing Royalties: Alt-Rock Band Yellowcard,,5503,70.0,
10_year,Songwriter Royalties Featuring Macklemore,,4298,58.0,
life_of_rights,"Wolfgang Gartner, deadmau5, Skrillex + More - Songwriter Royalties",,5488,232.0,
partial_10_year,10-Year-Old Consistent Rock from Evans Blue,,4555,29.0,
life_of_rights,"Demi Lovato, Ella Mai, Camila Cabello + More - Publishing Royalties",,5480,27.0,
life_of_rights,"Beastie Boys, Parliament Funkadelic + More - Songwriter Royalties",,5444,32.0,
partial_10_year,International Pop and Hip-Hop,,5204,25.0,
life_of_rights,"Drake, Megan Thee Stallion, Beyonce + More - Publishing Rights",,5464,36.0,
life_of_rights,"$UICIDEBOY$, Three 6 Mafia, MC Mack + More - Performance Royalties",,5478,181.0,
partial_30_year,"Pop Songs from G.R.L., WWE Placements + More - Songwriter Royalties",,5104,38.0,
partial_10_year,Royalties from Rick Ross and more,,4605,16.0,
partial_30_year,Tracks from Sanctus Real - Songwriter Royalties,,4088,4.0,
life_of_rights,"""Sad Hours"" by LRN Slime - Sound Recording Royalties",,5492,2.0,
life_of_rights,"Tim McGraw & Tyler Hubbard's ""Undivided"" + More",,5467,8.0,
life_of_rights,"Amy Winehouse's ""He Can Only Hold Her"" + More - Songwriter Royalties",,5399,15.0,
10_year,"""Marz"" + ""Shoot Out"" by DeeBaby - Songwriter Royalties",,5466,2.0,
life_of_rights,Saint Raymond - Publishing Royalties,,5440,64.0,
life_of_rights,"Theme From ""Love & Hip-Hop Atlanta"" + More Publishing Royalties",,5424,375.0,
life_of_rights,"Justin Bieber, Bishop Briggs, EXO + More - Songwriter Royalties",,5458,10.0,
life_of_rights,Cues From The Rachael Ray Show + More,,4860,88.0,
life_of_rights,"David Guetta's ""Say My Name"" + More Pop Hits",,5258,25.0,
life_of_rights,"Rod Wave, JayDaYoungan, + More - Songwriter Royalties",,4422,9.0,
partial_10_year,"Hit K-Pop, R&B, and Pop Royalties",,3346,26.0,
partial_30_year,"Blackbear, Jacob Sartorius + More - Songwriter Royalties",,5237,110.0,
life_of_rights,"G-Eazy's ""Down"" - Publishing Royalties",,4556,2.0,
partial_10_year,Consistent Smooth Jazz Royalties,,5370,52.0,
partial_30_year,Lecrae Hits & More Assorted Hip-Hop,,4833,51.0,
10_year,"Latin Songwriter Royalties - Elvis Crespo, Héctor Acosta, + More",,4499,148.0,
partial_30_year,"Dem Franchize Boyz ""Lean Wit It Rock Wit It"" + More",,5011,17.0,
30_year,"Ginuwine, Marques Houston, Lupe Fiasco + More - Songwriter Royalties",,5433,22.0,
life_of_rights,"Mary J. Blige, Jaheim, Diana Ross + More Publisher Royalties",,5432,25.0,
life_of_rights,Streaming-Heavy Hip-Hop from YFN Lucci & Gucci Mane,,5175,12.0,
30_year,Hip-Hop Artist TVBUU - Songwriter Royalties,,5442,280.0,
30_year,Tyrese Gibson - Songwriter Royalties,,5425,9.0,
30_year,"Alexis Spight, Usher, Boyz II Men + More Songwriter Royalties",,5437,71.0,
life_of_rights,"Amy Winehouse, Dido + More - Publishing Royalties",,5402,16.0,
life_of_rights,"Trey Songz, Nicki Minaj, Drake, Justin Bieber + More",,5217,54.0,
life_of_rights,"""Booty Me Down"" & More KStylis Hits - Publisher Royalties",,5213,33.0,
life_of_rights,"Rihanna's ""Don't Stop the Music"", Enrique Iglesias + More - Publishing Royalties",,5226,80.0,
30_year,Nelly & St. Lunatics - Songwriting Royalties,,5219,6.0,
partial_10_year,Do Or Die - Songwriter Royalties,,4652,7.0,
life_of_rights,"B Young, GS, Phora, Toosii + More Publishing",,5161,14.0,
life_of_rights,Publishing From Soulja Boy & Beyoncé,,4230,58.0,
30_year,"Songs from ""Norbit"" Soundtrack",,4157,50.0,
life_of_rights,Publishing Royalties: Luh Soldier & More,,4245,31.0,
30_year,"Blackbear, Jacob Sartorius + More - Songwriter Royalties",,5212,110.0,
partial_10_year,Hip-Hop Songwriter Royalties - Peewee Longway,,5201,15.0,
30_year,“Party Like A Rockstar” -  Songwriter Royalties,,5203,3.0,
life_of_rights,"Travis Scott, 50 Cent, ILOVEMAKONNEN ft. Drake - Songwriter Royalties",,4584,67.0,
life_of_rights,Nelly’s Iconic Hit “Ride Wit Me”,,5200,3.0,
life_of_rights,"Quavo, Dave East & Youngs Teflon Songwriter Royalties",,5208,3.0,
partial_10_year,Cues from The Carbonaro Effect,,4898,5.0,
life_of_rights,"Publishing - ""Shooters Inside My Crib"" by Quavo + More",,5199,7.0,
life_of_rights,"""Blood All On It"" by Gucci Mane and More - Songwriter Royalties",,5189,4.0,
10_year,Hip-Hop Songwriter Royalties - Peewee Longway,,5185,15.0,
life_of_rights,"Publishing Royalties featuring Jack Fowler, Nathan Dawe & More",,5172,19.0,
partial_10_year,International Pop and Hip-Hop,,2817,25.0,
partial_10_year,"Hip-Hop Publishing ""I Just Wanna"" by Lucas Coly and More",,4888,5.0,
partial_30_year,"Kash Doll - ""Single & Happy"" Songwriter Royalties",,5155,6.0,
life_of_rights,Music From Quentin Tarantino’s “Pulp Fiction”,,4147,2.0,
life_of_rights,90’s R&B Featured in Sitcom “Friends”,,3746,13.0,
life_of_rights,"Songwriter Royalties Ft. Dave East, Millyz, & Dej Loaf",,5038,16.0,
life_of_rights,"""Wasn't Expecting That"" by Jamie Lawson - Producer Royalties",,4941,12.0,
life_of_rights,Streaming-Driven Hip-Hop/Pop Featuring Beyoncé,,3688,106.0,
life_of_rights,"Iconic 90s Hit ""I Got 5 On It"" and More - Songwriter Royalties",,5166,3.0,
life_of_rights,Bobby Shmurda - Producer Label Royalties,,5135,2.0,
partial_10_year,Lil Uzi Vert + More Hip-Hop Publishing Royalties,,3896,7.0,
partial_10_year,Independent Hip-Hop Publishing Royalties From Euroz,,4932,87.0,
life_of_rights,Performance Royalties: Taylor Acorn,,4056,8.0,
life_of_rights,Pop from Kristinia DeBarge and More,,4741,30.0,
life_of_rights,TV Placements Created by Xzibit & 21 The Producer,,5124,97.0,
life_of_rights,"Eric Paslay, Marc Broussard & Kate Voegele Album Royalties",,5114,40.0,
life_of_rights,Songwriter Royalties: Luh Soldier & More,,4392,50.0,
life_of_rights,Hip-Hop Publishing: A$AP Ferg & More,,4323,6.0,
life_of_rights,Streaming-Heavy Hip-Hop from YFN Lucci & Gucci Mane,,5122,12.0,
life_of_rights,Pop From Backstreet Boys & More,,4099,103.0,
life_of_rights,Soul - Jazz Songwriter Royalties,,5164,107.0,
life_of_rights,Keeping Up With The Kardashians & More TV Music,,5119,410.0,
30_year,Durag Activity by Baby Keem feat. Travis Scott - Songwriter Royalties,,5102,2.0,
life_of_rights,Publishing: Established Christian Hip-Hop,,4686,4.0,
life_of_rights,"Stan Walker's ""Bigger"" & Jasmine Sokko's ""Magnet""",,5157,2.0,
life_of_rights,"Mozzy, Chito Rana$, & More Lyrical Hip-Hop",,5126,47.0,
life_of_rights,Hip-Hop Producer Royalties Featuring Ali Gatie,,4798,10.0,
life_of_rights,"Building 429's ""Where I Belong"" + More",,5080,99.0,
partial_10_year,"Busta Rhymes, Juvenile, Slim Thug, and More",,4012,28.0,
life_of_rights,Simple Minds - Iconic Rock Band's Songwriting Royalties,,5131,107.0,
life_of_rights,Simple Minds -  Iconic Rock Band's Sound Recording Royalties,,5140,124.0,
life_of_rights,Harry Styles Debut Album - Domestic (U.S.) Royalties Only,,4393,11.0,
life_of_rights,Indie Trap Producer NOIXES,,5086,25.0,
life_of_rights,"R&B Classics from Virtue, Destiny's Child, Angie Stone + More",,5076,45.0,
life_of_rights,Simple Minds - Iconic Rock Band Publishing Royalties,,5132,48.0,
partial_10_year,"Catalog Featuring Pop, Country, Christian & Rock",,3655,110.0,
life_of_rights,Pop Hits from Zayn,,5100,13.0,
life_of_rights,Contemporary Christian Hits,,5054,7.0,
life_of_rights,"The Commodores - ""Brick House"" + More - Publishing Royalties",,5107,36.0,
partial_30_year,"Usher's ""Bad Girl"" - Songwriter Royalties",,5073,3.0,
30_year,"Tory Lanez, Playboi Carti, Kelly Rowland and More Hip-Hop and R&B",,5128,17.0,
life_of_rights,Tupac and Big Pun - Songwriter Royalties,,5106,69.0,
life_of_rights,"""Where I Belong"" + More from Building 429",,5103,54.0,
life_of_rights,"James Blunt, Little Mix + More Pop Songwriting Royalties",,5091,49.0,
30_year,"Hip-hop and R&B featuring Lil Wayne, Monica, and DMX",,5109,20.0,
30_year,"Kash Doll - ""Single & Happy"" Songwriter Royalties",,5112,6.0,
life_of_rights,"""Bags"" By Kevin Gates - Publishing Royalties",,5039,2.0,
life_of_rights,SZA's Debut Album - Ctrl - Producer Royalties,,5097,10.0,
life_of_rights,Publishing Royalties from Say Anything,,5095,50.0,
30_year,"Chris Brown, Migos, Bhad Bhabie & More",,5074,31.0,
life_of_rights,Hip-Hop Songwriting Royalties - Amir Obè,,4401,33.0,
life_of_rights,Frankie Ballard - Hit Country Producer Royalties,,5087,30.0,
30_year,Songwriter Royalties from Say Anything,,5088,49.0,
life_of_rights,"James Blunt, Little Mix + More Pop Songwriting Royalties",,5062,49.0,
life_of_rights,"""Nasty Freestyle"" - T-Wayne Artist Royalties",,4925,26.0,
life_of_rights,Songwriter Royalties from Hip-Hop Beats,,5071,10.0,
life_of_rights,90's Tracks from Rob'n'Raz - Songwriter Royalties,,5036,21.0,
life_of_rights,Robbie Rivera House Music Songwriting Royalties,,5077,116.0,
10_year,"Anastacia's ""Paid My Dues"" - Songwriter Royalties",,5063,2.0,
life_of_rights,"Classic Soul and R&B Sampled by Kanye, 50 Cent, and More",,5079,32.0,
30_year,"Pop Songs from G.R.L., WWE Placements + More - Songwriter Royalties",,5060,38.0,
10_year,"Legendary 90's Hit ""I Got 5 On It""",,5034,35.0,
life_of_rights,Indie Trap Producer NOIXES,,5072,25.0,
life_of_rights,Independent Dark Pop from Simon Curtis - Songwriter Royalties,,5047,34.0,
life_of_rights,"Rita Ora's ""New Look"" & More - Songwriter Royalties",,4138,5.0,
life_of_rights,"Janet Jackson - ""Let's Wait Awhile"" Publishing Royalties",,5055,2.0,
life_of_rights,"Migos, Kevin Gates + More Publishing Royalties",,5041,32.0,
life_of_rights,"""Bags"" by Kevin Gates - Producer Royalties",,4631,2.0,
30_year,Rob Curly Songwriter Royalties,,5042,49.0,
life_of_rights,Post Malone & Travis Scott: Streaming-Driven Hip-Hop,,4035,94.0,
life_of_rights,Publishing Royalties from Electronic Pop Catalog,,4958,68.0,
life_of_rights,"""Save The Best For Last"" By Vanessa Williams",,4599,73.0,
partial_10_year,Asset #2840,,2840,402.0,
partial_10_year,Rock Royalties from Evans Blue,,3115,66.0,
30_year,"Usher's ""Bad Girl"" - Songwriter Royalties",,5010,3.0,
30_year,Songwriter Royalties from Rock Band Redlight King,,4131,9.0,
life_of_rights,"Tracks from Machine Gun Kelly's ""Bloom""",,4034,3.0,
life_of_rights,Songwriter Royalties from 2Floody,,4965,11.0,
life_of_rights,"""What's Poppin"" by Jack Harlow - Songwriter Royalties",,5031,2.0,
life_of_rights,"Publishing Royalties ft. TobyMac, Cain, Building 429+ More",,5012,37.0,
life_of_rights,Publishing Royalties from DJ Todd Terry,,4790,249.0,
life_of_rights,Tory Lanez and EarthGang - Songwriter Royalties,,4753,17.0,
life_of_rights,"""Something About You"" by Hayden James - Publishing Royalties",,4956,2.0,
life_of_rights,"Music From Real Housewives, Below Deck, + More Reality TV",,5016,824.0,
life_of_rights,Blues from Joe Bonamassa and Eric Gales - Publishing Royalties,,5013,24.0,
30_year,Jaden & Miley Cyrus - Streaming-Heavy Catalog,,4295,38.0,
life_of_rights,"Modern Pop from Jukebox the Ghost, Sheppard, The Vamps and More",,4974,52.0,
life_of_rights,Blues from Joe Bonamassa and Eric Gales,,5003,5.0,
10_year,"Songwriter Royalties featuring Big Sean, grouptherapy, Snoh Aalegra, and Rejjie Snow",,4997,9.0,
10_year,Zayn and More - Publishing Performance Royalties,,5001,14.0,
10_year,R&B and Hip-Hop Songwriter Royalties featuring Zayn and More,,5002,14.0,
life_of_rights,"""Bougie"" by Lil Durk ft. Meek Mill - Publishing Royalties",,4989,16.0,
30_year,"""Playinwitme"" by KYLE ft. Kehlani - Songwriter Royalties",,4984,2.0,
30_year,"""Footsteps"" by Kehlani ft. Musiq Soulchild - Songwriter Royalties",,4985,2.0,
life_of_rights,Established Alt-Rock: Featuring Anarbor,,3815,52.0,
10_year,Modern Metal from Atreyu featuring Travis Barker and More,,4980,25.0,
life_of_rights,"TobyMac, Building 429, Cain, + More - Songwriter Royalties",,4983,20.0,
life_of_rights,"""Love"" by We Are Messengers",,4641,3.0,
life_of_rights,"""Brand New"" by Ben Rector + More - Publishing Royalties",,4961,42.0,
partial_30_year,Contemporary Christian - Public Performance Publishing Royalties,,4692,24.0,
life_of_rights,"""Bad Day"" By Daniel Powter + More - Producer Royalties",,4893,14.0,
life_of_rights,"Hip-Hop Songwriter Royalties feat. NoCap, Quando Rondo and More",,4975,11.0,
life_of_rights,Alert Tone Royalties from Apple,,4695,415.0,
partial_30_year,"Dem Franchize Boyz ""Lean Wit It Rock Wit It"" + More",,4657,17.0,
life_of_rights,"Pop & Country Songwriter Royalties: Ben Rector, Chris Lane, + More",,4946,30.0,
life_of_rights,Contemporary Christian Publishing Royalties ft. TobyMac and Mandisa,,4944,213.0,
life_of_rights,Cage The Elephant - Rock Publishing Royalties,,4960,46.0,
life_of_rights,"""Brick House"", ""Machine Gun"" and More from The Commodores",,4973,51.0,
life_of_rights,Country Hits from Travis Tritt - Producer Royalties,,4920,60.0,
life_of_rights,Swedish Hip-Hop Songwriter Royalties,,4971,17.0,
10_year,Songwriter Royalties from Explorers Club + TV/Film Placements,,4970,66.0,
10_year,Cues from The Carbonaro Effect,,4942,4.0,
life_of_rights,"Songwriter Royalties - Chris Brown, Lotto, + More",,4851,13.0,
life_of_rights,"Pop Songwriter Royalties ft. Demi Lovato, Camila Cabello, + More",,4947,46.0,
life_of_rights,"Lana Del Rey's ""Lust For Life"" Album - Producer Royalties",,4950,14.0,
life_of_rights,"Lana Del Rey's ""Honeymoon"" Album - Producer Royalties",,4948,15.0,
10_year,Reality TV Songwriter Royalties - Impractical Jokers and More,,4938,369.0,
life_of_rights,"Copyright and Royalties - Machine Gun Kelly's ""Home"" + more",,4913,3.0,
life_of_rights,Music from Bewitched and other 1960's TV & Films,,4908,88.0,
life_of_rights,"""Sad Hours"" by LRN Slime - Sound Recording Royalties",,4904,2.0,
life_of_rights,"Music Used In Sportscasts, R&B From Sisqo + More",,4832,171.0,
life_of_rights,"""Choices"" by E-40 - Publishing Royalties",,4915,2.0,
life_of_rights,Patient Zero Beats - Sound Recording Royalties,,4897,4.0,
life_of_rights,Contemporary Worship: Sound Recording & Publishing Royalties,,4912,72.0,
life_of_rights,"T-Wayne Artist Royalties: ""Nasty Freestyle"" + More",,4813,26.0,
life_of_rights,Future & YoungBoy NBA Songwriter Royalties,,4659,5.0,
10_year,Independent Hip-Hop Publishing Royalties From Euroz,,4917,87.0,
10_year,"Music for Television Including ""Black Lady Sketch Show"" and ""Real Housewives""",,4916,39.0,
partial_10_year,Streaming-Driven Hip-Hop From RiFF RAFF,,3704,22.0,
partial_30_year,Chill Low-Fi Royalties from Smeyeul,,4757,81.0,
life_of_rights,"Music from Zachariah, The Gun Hawk + Other Classic TV/Films",,4883,156.0,
partial_10_year,International Pop & Hip-Hop Catalog,,3203,30.0,
partial_10_year,"14-Year Old, Streaming-Driven Hip-Hop",,4089,178.0,
life_of_rights,"Songwriter Royalties featuring ScHoolboy Q, Future, Lil Xan, Kendrick Lamar",,4873,16.0,
life_of_rights,"""20 Joints"" By Berner + More Songwriter Royalties",,4884,37.0,
life_of_rights,"Songwriter Royalties feat. Youngboy NBA, Rod Wave",,4876,5.0,
life_of_rights,Passion Pit Producer Royalties,,4846,35.0,
life_of_rights,"The Hour, Craig David + More Publishing Royalties",,4802,33.0,
life_of_rights,Hip-Hop Publishing Royalties Featuring Gunna,,4863,52.0,
life_of_rights,Diverse Catalog Placed in TV/Film,,4800,269.0,
30_year,"Songwriter Royalties - YNW Melly's ""Butter Pecan""",,4840,2.0,
30_year,Performance Royalties: Hip-Hop From V.I.C & Troop 41,,4839,4.0,
life_of_rights,Cues From The Rachel Ray Show + More,,4823,85.0,
life_of_rights,International Pop Songwriter Royalties,,4726,2.0,
life_of_rights,"Buffet Boys Writer Share ft Pouya, Shakewell , & Bexey",,4434,10.0,
life_of_rights,Rock Band -  Cage The Elephant - Publishing Royalties,,4827,46.0,
life_of_rights,"Hip-Hop Publishing Royalties: Rod Wave, Youngboy NBA + More",,4821,5.0,
10_year,Tech N9ne - Songwriter Royalties,,4814,17.0,
life_of_rights,"Songwriter Royalties - Chris Brown, Lotto, + More",,4557,13.0,
life_of_rights,"""I'm Leaving"" By Rileyy Lanez",,4826,2.0,
life_of_rights,Songwriter Royalties Featuring DJ Todd Terry,,4764,490.0,
life_of_rights,Established Rock Catalog Featuring Tantric,,4006,123.0,
10_year,"Music Used In Netflix's ""Ask The Storybots""",,4805,28.0,
life_of_rights,"Songwriter Royalties - The Game, Machine Gun Kelly, & Others",,4247,11.0,
30_year,Songwriter Royalties for Music Library Catalog,,4786,189.0,
partial_10_year,Pop & Hip-Hop With International Influence,,2794,12.0,
life_of_rights,Electronic/Dance Royalties from RUNAGROUND,,4782,3.0,
life_of_rights,"Classic R&B/Soul Hits & ""Bittersweet"" - Songwriter Royalties",,4720,94.0,
life_of_rights,Al Green & New Kids On The Block: Songwriter Royalties,,4779,24.0,
10_year,Damedot: Hip-Hop Songwriter Royalties,,4785,15.0,
partial_30_year,Streaming Royalties from Punk Rock Icons The Misfits,,3648,45.0,
life_of_rights,"BOE Sosa, Mozzy, & Chito Rana$ - Publishing Royalties",,4783,50.0,
partial_10_year,Christina Perri Performance Royalties,,3478,4.0,
life_of_rights,Diverse Catalog Placed in TV/Film,,4780,269.0,
life_of_rights,"""Boys"" by Dean Brody + More - Songwriter Royalties",,4781,36.0,
life_of_rights,TV Placements Created by Xzibit & 21 The Producer,,4774,97.0,
life_of_rights,Publishing Royalties featuring KYLE,,4765,25.0,
life_of_rights,"""American Nights"" by Lee Brice + More - Songwriter Royalties",,4775,4.0,
life_of_rights,Publishing Royalties - 90s Kids by Jax,,4742,2.0,
life_of_rights,"Songwriter Royalties: ""Then Leave"" by Beatking feat. Queendom Come",,4748,3.0,
30_year,Lecrae Hits & More Assorted Hip-Hop,,4743,51.0,
life_of_rights,Set It Off: Growing Punk-Rock Royalties,,4761,53.0,
life_of_rights,"Future, Juice WRLD & Ugly God Royalties",,4749,4.0,
30_year,"Publishing Royalties: ""Texas Flood""",,4762,2.0,
life_of_rights,Theme Music from ABC’s America This Morning,,4660,57.0,
life_of_rights,"Diverse International Catalog: R&B, K-Pop, + More",,4740,20.0,
life_of_rights,Music Featured in Reality TV Franchises,,4435,2293.0,
life_of_rights,Songwriter Royalties Feat. KYLE,,4754,21.0,
30_year,"""Texas Flood"" - Publishing Royalties",,4699,2.0,
life_of_rights,"""Drankin N Smokin"" by Future & Lil Uzi Vert + More",,4717,9.0,
life_of_rights,"""I Wish"" by Skee-Lo",,4738,26.0,
life_of_rights,Established Global Electronic & Pop,,3999,6.0,
30_year,Choices (Yup) & more E-40 classic tracks - Songwriter Royalties,,4727,6.0,
life_of_rights,"""Fly"" By Nicki Minaj Feat. Rihanna - Publishing Royalties",,4746,8.0,
life_of_rights,"Dance/Electronic - Hayden James, DJ Snake, Flume + More",,4731,83.0,
life_of_rights,"Mozzy, Chito Rana$, & More Lyrical Hip-Hop",,4744,47.0,
life_of_rights,"""Dive In"" By Trey Songz - Producer Royalties",,4706,6.0,
life_of_rights,"Music In The Award-Winning ""Shrek"" Film Franchise",,4220,768.0,
life_of_rights,Keeping Up With The Kardashians & More TV Music,,4739,410.0,
life_of_rights,Music From Reality TV & NBA Programming,,4736,163.0,
life_of_rights,"Songwriter Royalties - Mark Battles, Dave East, & More",,4730,41.0,
10_year,Hip-Hop Songwriter Royalties Feat. DaBaby,,4714,10.0,
10_year,"""Lonely"" By DaBaby Feat. Lil Wayne + More",,4715,5.0,
30_year,Chill Low-Fi Royalties from Smeyeul,,4734,81.0,
life_of_rights,Swedish Hip-Hop Feat. Stress,,4719,13.0,
life_of_rights,"""Famous For (I Believe)"" By Tauren Wells - Publishing Royalties",,4729,4.0,
life_of_rights,Pop from Kristinia DeBarge and More,,4045,30.0,
life_of_rights,International Pop Songwriter Royalties,,4691,2.0,
life_of_rights,"NBA YoungBoy - ""Freeddawg"" + More - Songwriter Royalties",,4141,19.0,
30_year,"""Halle Berry (She's Fine)"" & More Hip Hop - Songwriter Royalties",,4693,34.0,
life_of_rights,Rock Band - Yellowcard Publishing Royalties,,4642,59.0,
life_of_rights,"Nicki Minaj, Meek Mill, T-Pain & more Hip Hop",,4700,14.0,
life_of_rights,"""Eyes Closed"" + More from 2 Pistols - Publishing Royalties",,4358,13.0,
life_of_rights,Latin Trap Hits - Songwriter Royalties,,4681,73.0,
life_of_rights,"Songwriter Royalties - Mark Battles, Dave East, & More",,4617,41.0,
30_year,"KYLE feat. Kehlani: ""Playinwitme""",,4694,2.0,
30_year,"""iSpy"" by Kyle feat. Lil Yachty",,4682,5.0,
life_of_rights,"""Playinwitme"" by KYLE feat. Kehlani",,4698,2.0,
life_of_rights,Songwriter Royalties Feat. Lil Durk,,4684,55.0,
life_of_rights,"Publishing Royalties - Yellowcard Album ""Southern Air""",,4687,13.0,
30_year,"""Texas Flood"" by Stevie Ray Vaughan - Songwriter Royalties",,4683,5.0,
life_of_rights,"""Booty Me Down"" & More Party Hits - Songwriter Royalties",,4689,10.0,
30_year,"""Dysfunctional"" & More Tech N9ne - Songwriter Royalties",,4658,17.0,
10_year,Songwriter Royalties from Damedot,,4653,2.0,
life_of_rights,Music From Star Trek Franchise,,4664,287.0,
life_of_rights,"Tauren Wells: ""Famous For (I Believe)""",,4645,3.0,
life_of_rights,"Songwriter Royalties - Eric Bellinger, Waka Flocka Flame, & Trey Songz",,4667,7.0,
life_of_rights,Yelawolf & Caskey - Publishing Royalties,,4665,4.0,
30_year,"""All The Way Up"" - Fat Joe & Remy Ma",,4586,80.0,
life_of_rights,"Chris Brown's Platinum Hit ""Fine China"" + More",,4629,20.0,
life_of_rights,"Songwriter Royalties: Jason Derulo, DaniLeigh & More",,4646,24.0,
10_year,"Travis Scott's Hit Single ""FRANCHISE"" - Songwriter Royalties",,4654,4.0,
30_year,"""Fly"" by Nicki Minaj (Feat. Rihanna) - Songwriter Royalties",,4651,3.0,
life_of_rights,"""Livin' It Up"" From Next Friday & More 90's Hip-Hop",,4647,127.0,
life_of_rights,Catalog Featuring Grammy-Winning EDM Artists,,3146,10.0,
10_year,Songwriter Royalties Featuring Damedot,,4643,4.0,
30_year,Central Intelligence + More Film Placements From The High Decibles,,4637,47.0,
life_of_rights,Yelawolf Caskey Songwriter Royalties,,4649,4.0,
30_year,Contemporary Christian - Public Performance Publishing Royalties,,4636,24.0,
life_of_rights,"Pop Music from Gabbie Hanna, Kenzie + More",,4644,36.0,
life_of_rights,Future & YoungBoy NBA Songwriter Royalties,,4634,5.0,
life_of_rights,"Songwriter Royalties - Eric Bellinger, Waka Flocka Flame, & Trey Songz",,4613,7.0,
30_year,"Dem Franchize Boyz ""Lean Wit It Rock Wit It"" + More",,4626,17.0,
30_year,Contemporary Worship Music by Joel Vaughn,,4635,31.0,
life_of_rights,"Publishing Royalties - Kid Ink, MGK, Wiz Khalifa + More",,4638,23.0,
life_of_rights,"Music From ""Sons of Anarchy"" and ""F Is For Family""",,4630,154.0,
life_of_rights,Cage The Elephant Publishing Royalties,,4633,46.0,
30_year,"Royalties Featuring Birdman, NBA YoungBoy and Young Thug",,4628,8.0,
life_of_rights,"NBA YoungBoy - ""Self Control"" + More - Songwriter Royalties",,4055,8.0,
10_year,Do Or Die - Songwriter Royalties,,4621,7.0,
life_of_rights,"""Dive In"" by Trey Songz - Songwriter Royalties",,4604,9.0,
life_of_rights,Sanctus Real’s “Lead Me” & More,,4620,62.0,
30_year,The High Decibels: Central Intelligence + More Film Placements,,4619,48.0,
life_of_rights,K-Pop From Taeyeon - Performance Royalties,,4614,12.0,
30_year,Lo-Fi Hip-Hop Royalties Featuring Smeyeul,,4618,9.0,
30_year,"""Ocean Avenue"" + More Yellowcard Hits",,4595,16.0,
life_of_rights,Theme Music from ABC’s America This Morning,,4504,55.0,
life_of_rights,One Direction - Producer Royalties,,4570,56.0,
life_of_rights,"Songwriter Royalties - Mark Battles, Dave East, & More",,4610,41.0,
life_of_rights,"NBA YoungBoy, Queen Naija, & Lil Durk - Publishing Royalties",,4572,6.0,
life_of_rights,"""Bags"" By Kevin Gates - Publishing Royalties",,4576,2.0,
life_of_rights,K-Pop From Taeyeon - Performance Royalties,,4512,12.0,
life_of_rights,"Music Placed in TV - Storybots, Ginny & Georgia + More",,4609,131.0,
life_of_rights,K-Pop Featuring LOONA and AAA,,4608,56.0,
life_of_rights,"""Up"" By Cardi B - Producer Royalties",,4589,8.0,
life_of_rights,Producer Royalties: Country Hits From Kane Brown,,4602,7.0,
partial_10_year,Royalties from Rick Ross and more,,3484,16.0,
life_of_rights,"""Dive In"" by Trey Songz - Songwriter Royalties",,4251,9.0,
10_year,Songwriter Royalties - Reality TV Franchises,,4581,530.0,
partial_10_year,Commercial Music Placed in Film,,2793,8.0,
life_of_rights,"Songwriter Royalties - Mark Battles, Dave East, & More",,4591,41.0,
life_of_rights,Dave East & Mark Battles - Publishing Royalties,,4593,97.0,
life_of_rights,Streaming-Heavy Hip-Hop from YFN Lucci & Gucci Mane,,4590,12.0,
life_of_rights,"""Save The Best For Last"" By Vanessa Williams",,4560,73.0,
10_year,Songwriter Royalties from Xzibit and G-Unit,,4566,3.0,
life_of_rights,Cues From Barbie Dreamhouse Adventures,,4567,71.0,
life_of_rights,Songwriter Royalties: Machine Gun Kelly,,4042,3.0,
life_of_rights,Songwriter Royalties from Drakeo The Ruler,,4574,39.0,
life_of_rights,"Publishing: NBA YoungBoy's ""Carter Son""",,4569,2.0,
partial_10_year,"Mac Miller - ""Someone Like You"" + More",,3990,26.0,
life_of_rights,"Publishing Royalties - Kate Earl's Album ""Tongue Tied""",,4500,12.0,
life_of_rights,Swedish Hip-Hop Royalties From Kartellen,,4558,13.0,
10_year,"NBA YoungBoy - ""Bring Em Out"" & ""Off 1Tenth""",,4544,2.0,
life_of_rights,Quando Rondo + OMB Peezy - Publishing Royalties,,4101,17.0,
partial_30_year,"""Fine China"" by Future and Juice WRLD + more",,4469,3.0,
10_year,NBA YoungBoy & Fredo Bang - Songwriter Royalties,,4545,14.0,
10_year,"Rich The Kid, Gunna, 21 Savage + More",,4547,23.0,
life_of_rights,"Dance Music: DJ Cassidy, R. Kelly, Robin Thicke",,4404,96.0,
10_year,"""Sit Next To Me"" by Foster The People + More",,4539,10.0,
30_year,Established Synth-Pop Catalog - Songwriter Royalties,,4515,66.0,
life_of_rights,"G-Eazy's ""Down"" - Publishing Royalties",,4540,2.0,
10_year,Hip-Hop Publishing Royalties Featuring Matt Ox,,4543,14.0,
life_of_rights,"Songwriter Royalties - Chris Brown, Lotto, + More",,4525,13.0,
30_year,"YoungBoy Never Broke Again, Queen Naija, & Lil Durk",,4537,9.0,
life_of_rights,"Travis Scott, 50 Cent, ILOVEMAKONNEN ft. Drake - Songwriter Royalties",,4501,67.0,
30_year,Reggaeton Icons - Wisin & Yandel Songwriter Royalties,,4287,176.0,
partial_10_year,2X Platinum Hip-Hop Publishing Royalties,,3774,3.0,
life_of_rights,"Shakira's 20-Year-Old ""Ojos Así""",,3763,9.0,
partial_10_year,"Nicki Minaj's ""Win Again"" & More",,4521,64.0,
partial_10_year,"Publishing Royalties: T.I., Meek Mill, Yo Gotti",,3905,14.0,
life_of_rights,"Music Composed For TV Sitcom ""Married... with Children""",,4526,171.0,
life_of_rights,"Beyoncé, Rita Ora, Kylie Minogue & More",,4038,71.0,
life_of_rights,Drakeo The Ruler - Publishing Royalties,,4518,26.0,
life_of_rights,Global Pop Catalog,,3126,25.0,
life_of_rights,"New Kids on The Block, Akon + More - Publishing Royalties",,4146,6.0,
10_year,"Songwriter Royalties - ""High Right Now"" by Tyla Yaweh + more",,4463,6.0,
partial_10_year,"Nicki Minaj's ""Win Again"" & More",,3683,64.0,
life_of_rights,Yellowcard's Hopeless Records Royalties,,4514,131.0,
life_of_rights,Pop Music Placed in TV/Film: Naomi August,,4484,24.0,
life_of_rights,"""She Got The Best Of Me"" by Luke Combs - Songwriter Royalties",,4151,2.0,
life_of_rights,"Songwriter Royalties - Arlissa, Alan Walker, A$AP Rocky + More",,4505,5.0,
partial_10_year,Music From Popular Children’s TV Series,,4472,69.0,
partial_30_year,"""Lola's Theme"" by the Shapeshifters",,4387,4.0,
life_of_rights,K-Pop From Taeyeon - Performance Royalties,,4485,12.0,
life_of_rights,"Jason Derulo, Pitbull, & Camila Cabello - Producer Royalties",,4466,3.0,
life_of_rights,"Publishing Royalties: Ray J's ""Sexy Can I""",,4229,3.0,
10_year,"Film/TV Music: Austin And Ally, Four Weddings, + More",,4497,127.0,
life_of_rights,Songwriter Royalties from Latin Metal Group iLL Niño,,4494,21.0,
life_of_rights,"Publishing Royalties - Shakewell, Pouya, + More",,4490,10.0,
life_of_rights,Anarbor: Alt-Rock Performance Royalties,,3996,52.0,
life_of_rights,Songwriter Royalties: YoungBoy Never Broke Again Hits,,4475,4.0,
life_of_rights,"Contemporary Christian: Josh Wilson, Lauren Daigle, & More",,4483,42.0,
30_year,Songwriter Royalties - Pop Catalog Featuring Kate Earl,,4482,24.0,
life_of_rights,K-Pop From Taeyeon - Performance Royalties,,4470,12.0,
life_of_rights,"Producer Royalties: ""No Lie"" From Sean Paul Ft. Dua Lipa",,4479,2.0,
life_of_rights,Hip-Hop Royalties Featuring City Girls,,3853,4.0,
life_of_rights,"Diverse Publishing Catalog Featuring Demi Lovato's ""Concentrate""",,4478,88.0,
life_of_rights,Top K-Pop Artists - Performance Royalties,,4413,34.0,
10_year,Songwriter Royalties Featuring Cyndi Lauper,,4473,45.0,
10_year,Diverse International Catalog - Publishing Royalties,,4420,120.0,
life_of_rights,"Golden Oldies: ""(Today I Met) The Boy I'm Gonna Marry"" & More",,4468,70.0,
life_of_rights,“The King of Queens” — Theme Music & More,,4465,320.0,
30_year,There For Tomorrow - Alternative Rock Songwriter Royalties,,4460,81.0,
30_year,"""Fine China"" by Future and Juice WRLD + more",,4446,3.0,
life_of_rights,Streaming-Heavy Publishing Royalties Featuring Pouya,,4462,40.0,
life_of_rights,"Jason Aldean's ""Ride All Night,""  Tyler Farr  + More - Songwriter Royalties",,4137,7.0,
life_of_rights,K-Pop From Taeyeon - Performance Royalties,,4459,12.0,
life_of_rights,Songwriter Royalties: YoungBoy Never Broke Again,,3794,3.0,
partial_10_year,Hip-Hop Royalties from Shonlock,,3173,28.0,
life_of_rights,International Dance & Hip-Hop Catalog,,4415,137.0,
10_year,"Kevin Gates' ""Changing Lanes"" + more",,4204,2.0,
life_of_rights,"Production Music from ""Love Don't Cost A Thing"", ""The Game"", + more",,4430,54.0,
partial_30_year,Legendary Hip-Hop: Ja Rule,,4009,109.0,
partial_10_year,"""I Wanna Be A Cowboy"" From Boys Don't Cry",,4010,14.0,
life_of_rights,Songwriter Royalties: Hit K-Pop Artists,,4414,34.0,
partial_30_year,"""Animal Style"" and ""Shakedown"" by Jackal",,4428,3.0,
30_year,"Music From Disney Sitcom ""Raven's Home"" + more",,4424,10.0,
life_of_rights,"Buffet Boys Writer Share ft Pouya, Shakewell , & Bexey",,4406,10.0,
life_of_rights,Swedish Hip-Hop Featuring Kartellen,,4383,109.0,
life_of_rights,"Skee-Lo's Iconic, Grammy-Nominated Hit ""I Wish""",,4405,64.0,
30_year,"""Animal Style"" and ""Shakedown"" by Jackal",,4410,3.0,
life_of_rights,Producer Royalties: Country Hits From Kane Brown,,4407,7.0,
partial_10_year,"Southern Hip-Hop: Huey's ""Pop, Lock & Drop It""",,4053,77.0,
life_of_rights,"Rod Wave, JayDaYoungan, + More - Songwriter Royalties",,4144,9.0,
life_of_rights,Streaming-Heavy Hip-Hop - Chief Keef & More,,4396,5.0,
10_year,"Cues from Four Weddings, Chicago PD, & The Office",,4382,92.0,
life_of_rights,Publishing Royalties Featuring Youngboy and Yungeen Ace,,4397,4.0,
life_of_rights,Youngboy and Yungeen Ace - Songwriter Royalties,,4398,5.0,
30_year,Streaming-Heavy Royalties Featuring Pouya,,4391,14.0,
life_of_rights,Streaming-Driven Hip-Hop: Kevin Gates & Migos,,3641,18.0,
life_of_rights,Quando Rondo + More - Songwriter Royalties,,4134,10.0,
life_of_rights,Hip-Hop Songwriting Royalties - Amir Obè,,4190,33.0,
life_of_rights,"Drake, Megan Thee Stallion, & Big Freedia",,4370,12.0,
life_of_rights,R&B Tracks from Tank,,4026,3.0,
life_of_rights,Songwriter Royalties: Luh Soldier & More,,4205,50.0,
life_of_rights,"Jason Derulo, Pitbull, & Camila Cabello - Producer Royalties",,4359,3.0,
life_of_rights,Publishing Royalties: Head & The Heart Indie-Folk + More,,4356,17.0,
30_year,"""Lola's Theme"" by the Shapeshifters",,4368,4.0,
life_of_rights,"Jermaine Dupri, Bow Wow & Jagged Edge",,4334,28.0,
life_of_rights,Publishing Royalties: Harry Styles' Debut Album,,4355,8.0,
life_of_rights,"Producer Royalties:  Jason Derulo, Pitbull, & Camila Cabello",,4338,3.0,
partial_10_year,Hip-Hop Royalties Featuring Lil Rob,,3324,146.0,
30_year,"Songwriter Royalties: Christina Milian, O Town, & More",,4331,43.0,
life_of_rights,Music Featured in Reality TV Franchises,,4340,2293.0,
life_of_rights,"Consistent Hip-Hop: Migos, Travis Scott & Young Thug",,4217,39.0,
life_of_rights,Blues Catalog: Joe Bonamassa & Beth Hart,,4319,2.0,
life_of_rights,"Publishing Royalties: Future, Ugly God, and More",,4320,19.0,
life_of_rights,"""Beautiful Lady"" by Gyptian & More",,4193,2.0,
life_of_rights,Diverse Performance Royalties: Production + Dance,,3649,60.0,
life_of_rights,"Publishing: ""Electric Love"" From BØRNS",,4289,7.0,
life_of_rights,"""Electric Love"" By BØRNS - Songwriter Royalties",,4254,8.0,
10_year,K-Pop Catalog Featuring Daniel Kang,,4278,13.0,
life_of_rights,Swedish Hip-Hop From Yasin + More,,4233,27.0,
life_of_rights,Hip-Hop Publishing Royalties Featuring Max B,,4274,54.0,
life_of_rights,Eric Bellinger Songwriter Royalties,,4237,12.0,
partial_10_year,Performance Royalties From Tinashe & Others,,4236,2.0,
life_of_rights,Head & The Heart Indie-Folk + More Songwriter Royalties,,4257,17.0,
life_of_rights,Consistent Hip-Hop Royalties Featuring Ca$h Out,,4167,135.0,
life_of_rights,"Hip-Hop & R&B: Jacquees, Tory Lanez & More",,4219,62.0,
life_of_rights,Harry Styles Debut Album - Domestic (U.S.) Royalties Only,,4266,11.0,
life_of_rights,Consistent Mac Miller & Wiz Khalifa Royalties,,4030,98.0,
30_year,"""Chill Bill"" by Rob $tone featuring J.Davis & Spooks",,4253,4.0,
life_of_rights,Rising Hip-Hop Driven By Streaming,,4255,237.0,
life_of_rights,Electronic Songwriter Royalties: Call Me Karizma & Illenium,,4126,2.0,
30_year,"J.Lo's #1 Global Dance Hit ""Waiting For Tonight""",,4202,32.0,
10_year,Swedish EDM Featuring Cazzette,,4201,45.0,
life_of_rights,Diverse R&B Catalog,,4015,93.0,
10_year,K-Pop Catalog: Daniel Kang & Exo-Sc,,4222,19.0,
life_of_rights,"""Drip"" From Cardi B & Other Hip-Hop",,4218,43.0,
10_year,"Hip-Hop & R&B Publishing: SZA, Isaiah Rashad, + Others",,4240,14.0,
10_year,Publishing From SZA + Rihanna,,4239,8.0,
life_of_rights,Publishing: Global Pop/Dance Featuring Conrad Sewell,,4227,56.0,
life_of_rights,"""Dive In"" by Trey Songz - Songwriter Royalties",,4133,9.0,
partial_10_year,Streaming Hip-Hop Featuring J. Cole,,3516,10.0,
life_of_rights,"""Your Love is Rated X"" - Johnnie Taylor + More - Publishing Royalties",,4136,8.0,
life_of_rights,"""Stop Cappin"" by Blueface & More",,4221,4.0,
life_of_rights,"Music From TV Show ""Cheaters""",,3932,9.0,
life_of_rights,"Songwriter Royalties - The Game, Machine Gun Kelly, & Others",,4211,11.0,
life_of_rights,"Songwriter Royalties: Danny Gokey, Sidewalk Prophets & More",,4188,35.0,
life_of_rights,Publishing Royalties: Luh Soldier & More,,4170,31.0,
life_of_rights,"Royalties from British Dance Music Hit ""House Every Weekend""",,4013,3.0,
life_of_rights,"Hip-Hop: Kevin Gates, Trae Tha Truth & Others",,4203,15.0,
life_of_rights,Platinum Hit by Rae Sremmurd and More,,3985,19.0,
life_of_rights,"""Rise"" by Danny Gokey & More",,4191,8.0,
life_of_rights,Songwriter Royalties: Luh Soldier & More,,4169,50.0,
life_of_rights,Consistent Indie Rock Publishing Royalties,,4083,98.0,
life_of_rights,Songwriter Royalties from Punk-Rock Band - Set It Off,,4164,52.0,
life_of_rights,Pop and R&B From Shakira & Jamie Foxx,,3081,35.0,
life_of_rights,"""Beautiful Lady"" by Gyptian & More",,4166,2.0,
life_of_rights,Consistent Songwriter Royalties: Akon & Others,,4165,4.0,
30_year,Songwriter Royalties: Queen Naija and K Michelle,,4152,2.0,
life_of_rights,"Discovery, Bravo + More - TV and Film Cues",,4130,312.0,
life_of_rights,"Publishing Royalties: Ray J's ""Sexy Can I""",,4078,3.0,
30_year,"""Love"" by We Are Messengers - Songwriter Royalties",,4098,2.0,
life_of_rights,Soulja Boy & Beyoncé - Songwriter Royalties,,4103,66.0,
life_of_rights,A$AP Ferg: Songwriter Royalties,,4102,12.0,
life_of_rights,Underground Hip-Hop: Rome Fortune,,4014,31.0,
life_of_rights,"R&B Songwriter Royalties: Case, Mary J. Blige, & Foxy Brown",,4097,58.0,
life_of_rights,SZA + Rihanna: Songwriter Royalties,,4093,27.0,
life_of_rights,Publishing From Soulja Boy & Beyoncé,,4086,58.0,
life_of_rights,"Songwriter Royalties: Ray J's ""Sexy Can I""",,4096,6.0,
10_year,Khalid & Bryson Tiller Producer Royalties,,4095,93.0,
life_of_rights,"Royalties from Viral Hit ""Wobble"" + More",,4039,90.0,
life_of_rights,Hip-Hop Publishing: A$AP Ferg & More,,4094,6.0,
partial_10_year,"Pop: Enrique Iglesias, Rihanna, Jay Sean & Ciara",,3827,15.0,
life_of_rights,Indie Rock Sound Recording Royalties,,4084,20.0,
life_of_rights,Publishing Royalties: Global Pop,,4090,52.0,
10_year,"Hits From Khalid: 7X Platinum ""Location"" & More",,4081,80.0,
life_of_rights,"Rita Ora's ""New Look"" & More - Songwriter Royalties",,4069,5.0,
partial_10_year,10-Year-Old Hip-Hop/Electronica,,3969,3.0,
life_of_rights,American Rock Band Yellowcard - Songwriter Royalties,,4061,192.0,
life_of_rights,Publishing: Future & YoungBoy Never Broke Again,,4075,9.0,
10_year,Indie Hip-Hop/Soul - Songwriter Royalties,,4080,133.0,
life_of_rights,Yellowcard's Hopeless Records Royalties,,4082,131.0,
life_of_rights,Tracks from Conrad Sewell + More - Songwriter Royalties,,4076,24.0,
life_of_rights,Publishing Royalties: Alt-Rock Band Yellowcard,,4063,70.0,
life_of_rights,"Yellowcard Album ""Southern Air"" - Publishing Royalties",,4066,20.0,
life_of_rights,"Hip-Hop Publishing: Rich Homie Quan, Tyga, & More",,4074,66.0,
life_of_rights,Hip-Hop Royalties ft. Dave East and More,,4024,38.0,
30_year,Tracks from Sanctus Real - Songwriter Royalties,,4073,4.0,
life_of_rights,Electronic Songwriter Royalties: Call Me Karizma & Illenium,,4068,2.0,
life_of_rights,"""Eyes Closed"" + More from 2 Pistols - Publishing Royalties",,4072,13.0,
life_of_rights,Hip-Hop from 2 Pistols - Songwriter Royalties,,4067,38.0,
life_of_rights,Production Music: Sportscasts & Reality TV,,4057,190.0,
partial_10_year,Diverse Pop & R&B Catalog,,2807,401.0,
partial_10_year,Established Streaming-Driven Hip-Hop,,3679,178.0,
life_of_rights,Wisin & Yandel Publishing Royalties,,4060,96.0,
life_of_rights,"Music From The Award-Winning ""Shrek"" Film Franchise",,4050,643.0,
life_of_rights,Pop From Backstreet Boys & More,,3705,103.0,
life_of_rights,"""Your Love is Rated X"" - Johnnie Taylor + More - Publishing Royalties",,4054,8.0,
life_of_rights,90s Dance/Hip-Hop + Fatboy Slim,,3715,53.0,
partial_10_year,Growing Streaming Earnings from Hip-Hop,,3528,99.0,
30_year,Wisin & Yandel ft. Jennifer Lopez + More - Songwriter Royalties,,4048,18.0,
life_of_rights,"Dance Music: DJ Cassidy, R. Kelly, Robin Thicke",,4047,97.0,
partial_10_year,"Southern Hip-Hop: Huey's ""Pop, Lock & Drop It""",,3751,77.0,
life_of_rights,"New Kids on The Block, Akon + More - Publishing Royalties",,4046,6.0,
life_of_rights,Quando Rondo + More - Songwriter Royalties,,4044,10.0,
life_of_rights,Quando Rondo + OMB Peezy - Publishing Royalties,,4041,17.0,
life_of_rights,Pop from Kristinia DeBarge and More,,4033,30.0,
life_of_rights,"Jason Aldean's ""Ride All Night,""  Tyler Farr  + More - Songwriter Royalties",,4022,7.0,
life_of_rights,"Beyoncé, Rita Ora, Kylie Minogue & More",,3063,71.0,
life_of_rights,"""Dive In"" by Trey Songz - Songwriter Royalties",,4016,9.0,
life_of_rights,Underground Hip-Hop: Rome Fortune,,3993,31.0,
10_year,"""America's Got Talent"" + More - TV and Film Placements",,3976,197.0,
partial_10_year,International Catalog Featuring Shakira and More,,3190,16.0,
partial_10_year,10-Year-Old Hip-Hop/Electronica,,2828,2.0,
partial_10_year,10-Year-Old Consistent Rock from Evans Blue,,2809,29.0,
partial_10_year,Streaming-Driven New Releases,,3117,8.0,
life_of_rights,Dickie Goodman: Pioneer of Sampling,,3082,127.0,
partial_10_year,Multi-Platinum Ariana Grande & Justin Bieber,,3211,14.0,
partial_10_year,Asset #3116,,3116,236.0,
partial_10_year,Growing Streaming Earnings from Hip-Hop,,2813,99.0,
partial_10_year,Asset #3048,,3048,99.0,
partial_10_year,Platinum Performance Royalties: Nicki Minaj & Rihanna,,3307,158.0,
partial_10_year,Asset #3113,,3113,160.0,
partial_10_year,Asset #3079,,3079,2.0,
partial_10_year,"Reality TV Placements: E! Network, Bravo, and More",,2816,285.0,
partial_10_year,Asset #3083,,3083,10.0,
partial_10_year,Asset #2990,,2990,129.0,
partial_10_year,Music From Popular Children’s TV Series,,2784,68.0,
partial_10_year,Asset #3033,,3033,62.0,
partial_10_year,Asset #2972,,2972,77.0,
partial_10_year,Asset #2919,,2919,59.0,
partial_10_year,Asset #2901,,2901,159.0,
partial_10_year,Commercial Music Placed in TV and Film,,2798,5.0,
partial_10_year,Rock + Production Music in TV & Commercials,,2820,178.0,
partial_10_year,Asset #2915,,2915,26.0,
partial_10_year,80s-90s Hip-Hop/Electronic Featuring The Prodigy,,2904,29.0,
partial_10_year,R&B From Grammy-Nominated Amerie,,2795,79.0,
partial_10_year,"Production Catalog: Latin, Urban & Hip-Hop",,2824,369.0,
partial_10_year,"Streaming-Driven, 10-Year Old Hip-Hop",,2837,330.0,
partial_10_year,Multi-Platinum Ariana Grande & Justin Bieber,,3800,3.0,
partial_30_year,"""Chill Bill"" by Rob $tone featuring J.Davis & Spooks",,4292,4.0,
partial_10_year,Songwriter Royalties From Popular Angel Taylor Tracks,,5745,13.0,
partial_10_year,Pop & Hip-Hop With International Influence,,5720,12.0,
partial_10_year,Grammy-Awarded Artist Chris Brown,,5710,5.0,
partial_10_year,International Pop & Hip-Hop Catalog,,5690,30.0,
partial_10_year,R&B & Pop Catalog: Featuring Trey Songz,,5568,16.0,
partial_10_year,Streaming Hip-Hop Catalog,,5567,13.0,
partial_10_year,"Reality TV Placements: E! Network, Bravo, and More",,5566,285.0,
partial_10_year,10-Year-Old Consistent Rock from Evans Blue,,5528,29.0,
partial_10_year,International Pop and Hip-Hop,,5514,25.0,
partial_10_year,Consistent Smooth Jazz Royalties,,5477,52.0,
partial_10_year,"Royalties from Coldplay & Beyonce's ""Hymn for the Weekend""",,5295,2.0,
partial_10_year,Diverse Pop & R&B Catalog,,4077,403.0,
partial_10_year,"Fergie Hit ""L.A. Love"" and More Streaming Heavy Royalties",,3965,315.0,
partial_10_year,Streaming-Driven New Releases,,3738,8.0,
partial_10_year,25-Year-Old #1 Dance Club Hit,,3660,109.0,
life_of_rights,Songwriting Royalties for The Outsiders,,6160,2.0,
life_of_rights,"Lil Baby, Drake, Juice WRLD + more - Songwriting Royalties",,6145,34.0,
life_of_rights,Escape The Fate - Songwriter Royalties,,6146,42.0,
life_of_rights,Publishing Royalties for Ocean Colour Scene,,6144,252.0,
life_of_rights,"Shoreline Mafia's ""Perc Popper"" & More - Songwriter Royalties",,6142,3.0,
30_year,"JDot Breezy, Spinabenz, Whoppa Wit Da Choppa + more - Songwriting Royalties",,6153,63.0,
life_of_rights,Sound Recording Royalties for Ocean Colour Scene,,6132,360.0,
life_of_rights,"Modern Pop from Jukebox the Ghost, Sheppard, The Vamps and More",,5318,52.0,
life_of_rights,Sound Recording Royalties for B-Legit,,5875,53.0,
life_of_rights,Shrek Film Music,,6127,491.0,
life_of_rights,Songwriting Royalties for Sanctus Real,,6083,21.0,
fixed_return,Music Used in Film and Television - Songwriting Royalties,,6108,796.0,
30_year,"Angel Haze feat. Sia, Nick Jonas + More - Songwriter Royalties",,6104,83.0,
life_of_rights,Cage The Elephant Publishing Royalties,,6106,49.0,
30_year,"Simple Plan, Better Than Ezra, Cody Simpson + more - Songwriting Royalties",,6089,86.0,
life_of_rights,"Coldplay Tracks ""High Speed"" & ""See You Soon""",,6094,18.0,
life_of_rights,"Pop Songwriting Royalties from Craig David, BTS, MK + More",,6105,36.0,
life_of_rights,Publishing - Cage The Elephant Royalties,,6081,49.0,
fixed_return,Music Used in Telemundo News & Telenovelas,,6062,10.0,
fixed_return,"How-To Book Royalties - Drawing, Becoming a Medium + more",,6093,56.0,
life_of_rights,"Songwriter Royalties Ft. Dave East, Millyz, & Dej Loaf",,5192,16.0,
life_of_rights,"Massive Attack, Jacob Banks, TV/Film Music + more - Songwriting & Publishing Royalties",,6092,185.0,
partial_10_year,"Yo Gotti's ""Pose"" ft. Megan Thee Stallion + More",,5447,7.0,
30_year,"Trippie Redd, Saweetie, Logic + more - Songwriting Royalties",,6087,65.0,
life_of_rights,"LeLe Pons, Fuego, Nicky Jam, J Balvin + more - Songwriting Rights",,6071,49.0,
30_year,"Erykah Badu, Joy Anonymous + more - Songwriting Royalties",,6076,21.0,
life_of_rights,Publishing Royalties: Luh Soldier & More,,5231,31.0,
30_year,"Mya's ""Fallen"", Adina Howard’s “Freak Like Me” + More - Songwriter Royalties",,5921,176.0,
life_of_rights,Sound Recording Royalties for Chet Baker,,5992,1260.0,
life_of_rights,"Publishing Royalties from Elvie Shane, Drew Green + More",,6059,14.0,
life_of_rights,Publishing & Sound Recording Royalties for Bali Baby,,6068,1515.0,
life_of_rights,"Trey Songz, Nicki Minaj, Drake, Justin Bieber + More",,5260,54.0,
fixed_return,Stars Go Dim - Artist Streaming Royalties,,6049,120.0,
life_of_rights,"Steve Aoki, BTS, Chanmina + more - Songwriting Royalties",,6057,50.0,
fixed_return,"Stars Go Dim, Jason Crabb + More - Songwriter Royalties",,6046,25.0,
partial_30_year,"Bow Wow, YFN Lucci, Young Dylan + More - Songwriter Royalties",,5753,9.0,
partial_10_year,Zayn and More - Publishing Performance Royalties,,5085,14.0,
fixed_return,Producer Royalties for NBA Youngboy - Sound Recording,,6040,64.0,
life_of_rights,Royalties from How to Draw Cool Stuff - Book Sales,,6025,12.0,
fixed_return,"Chris Brown’s “Under The Influence"" + “Lower Body” - Publishing Royalties",,5973,2.0,
fixed_return,"Lady Gaga, Beyoncé + more - Songwriting Rights",,6052,139.0,
partial_30_year,Streaming-Heavy Royalties Featuring Pouya,,4423,14.0,
30_year,Songwriting Royalties for Mac Lethal,,6022,57.0,
fixed_return,"Veeze, Babyface Ray, Icewear Vezzo + More - Publishing Royalties",,6047,63.0,
life_of_rights,"T9INE, YFN Lucci, Deebaby + more - Songwriting & Publishing Royalties",,6027,103.0,
fixed_return,Muddy Waters’ “Mannish Boy” + More Publishing Royalties,,5965,27.0,
life_of_rights,"Nicki Minaj, Chris Brown, + more - Songwriting Royalties",,5953,34.0,
life_of_rights,"Juice WRLD, Lil Baby, Lil Uzi Vert + more - Publishing Royalties",,6028,200.0,
life_of_rights,"""My Boy"" by Elvie Shane - Songwriter Royalties",,6020,3.0,
life_of_rights,"Amy Winehouse, Dido + More - Publishing Royalties",,5479,16.0,
life_of_rights,"Sage The Gemini, Clyde Carson, The Team, + more - Publishing Royalties",,6019,21.0,
life_of_rights,Naomi August - Pop Songwriting Royalties,,6013,328.0,
life_of_rights,"Lil Peep, Chief Keef, $uicideBoy$, + more - Songwriting & Publishing Royalties",,6009,88.0,
life_of_rights,"Stan Walker's ""Bigger"" & Jasmine Sokko's ""Magnet""",,5282,2.0,
life_of_rights,"B Young, GS, Phora, Toosii + More Publishing",,5471,14.0,
life_of_rights,Brick House & More - Publishing Performance Royalties,,6021,27.0,
life_of_rights,Songwriting Royalties for Flatbush Zombies,,6014,85.0,
life_of_rights,"R&B Songwriter Royalties: Case, Mary J. Blige, & Foxy Brown",,5762,58.0,
life_of_rights,"K-POP Publisher Royalties - MiSaMo, EXO, Billie, Super Junior + more",,6010,86.0,
life_of_rights,"Ramil', Shaun Milli + More - Publishing Rights",,5556,4.0,
life_of_rights,"Emeli Sandé, Professor Green, Tori Kelly + More Publishing Royalties",,5961,22.0,
life_of_rights,"Tom Grennan, Emeli Sandé + More Songwriter Royalties",,5957,96.0,
life_of_rights,Songwriting Royalties for KB Mike,,5988,21.0,
fixed_return,"Chris Brown’s “Under The Influence"" + “Lower Body” - Songwriter Royalties",,5914,5.0,
life_of_rights,"Juice WRLD, Lil Uzi Vert + more - Songwriting Royalties",,6000,132.0,
life_of_rights,Producer Royalties for Lil Uzi Vert,,5998,8.0,
life_of_rights,"Vedo, Chris Brown, 1K Phew + More Songwriter Royalties",,5931,11.0,
life_of_rights,"Rod Wave's ""Dark Clouds"" & More Producer Royalties",,5993,12.0,
life_of_rights,"Jermaine Stewart, Aretha Franklin, Whitney Houston + more - Performance Royalties",,5991,317.0,
30_year,GT Garza - Publishing Royalties,,5997,326.0,
life_of_rights,Rod Wave's Album - Pray for Love - Producer Royalties,,5994,8.0,
30_year,"Mario, IDK, Logic, + more - Songwriting Royalties",,5985,41.0,
life_of_rights,House Music by Robbie Rivera - Publishing Royalties,,5397,254.0,
life_of_rights,Established Global Electronic & Pop,,4763,6.0,
life_of_rights,"Token, Futuristic, Seb la Frite + more - Publishing Royalties",,5980,348.0,
life_of_rights,The 046 - Songwriting Royalties,,5960,51.0,
10_year,Rock Band Atreyu - Songwriter Royalties,,5981,14.0,
life_of_rights,"Hip-Hop Publishing: Rich Homie Quan, Tyga, & More",,4100,66.0,
life_of_rights,Pop and R&B From Shakira & Jamie Foxx,,4180,35.0,
fixed_return,"9lokkNine, Hurricane Wisdom, Dee Watkins - Publishing Royalties",,5936,111.0,
life_of_rights,"Chris Brown, Jack Harlow, + more - Songwriting Royalties",,5972,20.0,
life_of_rights,"Elvie Shane, Drew Green + More Songwriter Royalties",,5964,6.0,
life_of_rights,Platinum Hit by Rae Sremmurd and More,,4209,19.0,
30_year,"Kehlani's ""Love Language"" & More Songwriter Royalties",,5979,26.0,
30_year,"Duke & Jones, 3LAU, Knock2 & Nghtmre, + more - Songwriting Royalties",,5966,66.0,
life_of_rights,"Fred Again, Billie Ray Martin, Anne Clark, + more - Publishing Royalties",,5750,299.0,
partial_30_year,"""All The Way Up"" - Fat Joe & Remy Ma",,5890,80.0,
life_of_rights,"""Stop Cappin"" by Blueface & More",,4270,4.0,
partial_10_year,"Pop: Enrique Iglesias, Rihanna, Jay Sean & Ciara",,4104,15.0,
fixed_return,Georg Jensen - Jewelry Design Royalties,,5894,214.0,
10_year,"Boosie Badazz, Deebaby + More Publishing Royalties",,5952,57.0,
30_year,Songwriting Royalties for the Squirrel Nut Zippers,,5962,137.0,
10_year,"Deebaby, Boosie Badazz + More Songwriter Royalties",,5959,36.0,
30_year,"Boosie Badazz, Deebaby, Slim Thug + More Songwriter Royalties",,5954,32.0,
life_of_rights,Davie - Publishing Rights,,5940,25.0,
life_of_rights,Sound Recording Royalties for Dee Watkins,,5956,8.0,
fixed_return,Lil Uzi Vert + more - Songwriting Royalties,,5955,16.0,
life_of_rights,"TobyMac, Building 429, Cain, + More - Songwriter Royalties",,5005,21.0,
life_of_rights,"Rod Wave, Chris Brown, + more - Publishing Rights",,5877,26.0,
life_of_rights,Duran Duran Songwriting Royalties,,5924,28.0,
life_of_rights,Music from Shrek - Performance Royalties,,5934,516.0,
life_of_rights,Press Play - Sound Recording Royalties,,5795,59.0,
life_of_rights,"9lokkNine, SpotemGotem, Dee Watkins, + more - Songwriting Royaties",,5925,86.0,
life_of_rights,"K-POP Songwriter Royalties - MiSaMo, EXO, Billie, Super Junior + more",,5912,75.0,
life_of_rights,"Boosie Badazz, Deebaby, Slim Thug + More Publishing Royalties",,5942,47.0,
life_of_rights,"B.I.G., Jay-Z, Beanie Sigel, + more - Publishing Royalties",,5928,19.0,
life_of_rights,Kreepa & Capone - Publisher Royalties,,5923,5.0,
life_of_rights,Electronic Songwriter Royalties: Call Me Karizma & Illenium,,4264,2.0,
life_of_rights,"Travis Scott, 50 Cent, ILOVEMAKONNEN ft. Drake - Songwriter Royalties",,5235,105.0,
life_of_rights,Shrek Film Score Performance Royalties,,5866,513.0,
life_of_rights,Stevie Stone - Songwriter Royalties,,5917,227.0,
life_of_rights,Songwriting Royalties for Bali Baby,,5915,140.0,
partial_30_year,"Tisoki, Aitana, Cami + More - Songwriting Royalties",,5763,101.0,
life_of_rights,Songwriting Royalties for Us The Duo,,5902,56.0,
30_year,Us The Duo - Songwriting Royalties,,5900,65.0,
life_of_rights,"B.I.G., Jay-Z, Beanie Sigel, + more - Songwriting Royalties",,5913,142.0,
life_of_rights,Anarbor: Alt-Rock Performance Royalties,,4502,52.0,
life_of_rights,"Red Cafe, G Perico, G Eazy, + more - Songwriting Royalties",,5895,133.0,
life_of_rights,Publishing Royalties for Us The Duo,,5905,46.0,
life_of_rights,Established Alt-Rock: Featuring Anarbor,,5026,52.0,
fixed_return,"Car Masters, Ink Master + More TV Music",,5908,169.0,
partial_10_year,Songwriter Royalties from Explorers Club + TV/Film Placements,,4981,66.0,
life_of_rights,Us The Duo - Publishing Performance Royalties,,5901,30.0,
life_of_rights,"Toosii, Moneybagg Yo, + more - Songwriting Royalties",,5899,49.0,
life_of_rights,"Vedo, Chris Brown, 1K Phew + More Songwriter Royalties",,5910,11.0,
30_year,"Film & TV Music From “Shameless,” Ken Burns Documentaries + More",,5907,98.0,
life_of_rights,"Hip-Hop Tracks feat. Lil Durk, Allstar JR + More - Songwriter Royalties",,5356,7.0,
fixed_return,Dr. Pimple Popper + More TV Music,,5886,941.0,
life_of_rights,Meek Mill - Producer Royalties,,5893,50.0,
life_of_rights,"Hip-Hop Publishing Royalties: Rod Wave, Youngboy NBA + More",,4855,5.0,
life_of_rights,Consistent Songwriter Royalties: Akon & Others,,4192,4.0,
life_of_rights,Electronic House Music From Viceroy,,5564,70.0,
life_of_rights,Publishing Royalties for Gene de Paul,,5855,189.0,
fixed_return,MIMS ”This Is Why I’m Hot” + More - Sound Recording Royalties,,5880,96.0,
fixed_return,"Beauville’s ""Letting In"" Prod By NoMBe - Sound Recording Royalties",,5883,2.0,
life_of_rights,Rihanna’s “Goodnight Gotham” - Producer Royalties,,5878,20.0,
life_of_rights,"Audien, BTS, + more - Songwriting Royalties",,5885,91.0,
fixed_return,"YG, Ty Dolla $ign, Wiz Khalifa + More - Publishing Royalties",,5680,17.0,
life_of_rights,"Becky Hill, Joel Corry, David Guetta + More Producer Royalties",,5868,113.0,
fixed_return,A Share of Jerry Garcia’s Sound Recording Performance Royalties,19,5780,.0,
life_of_rights,TV Placements Created by Xzibit & 21 The Producer,,5182,97.0,
life_of_rights,Theme Music from ABC’s America This Morning,,4772,57.0,
life_of_rights,Songwriting Royalties for Dee Watkins,,5879,119.0,
life_of_rights,"""Laughin' to the Bank"" & More Chief Keef Royalties",,5534,104.0,
30_year,"Miley Cyrus, Lil Nas X, Halsey, XXXTentacion + More Publishing Royalties",,5418,34.0,
life_of_rights,"$UICIDEBOY$, Three 6 Mafia, MC Mack + More - Performance Royalties",,5525,181.0,
life_of_rights,"New Kids on The Block, Akon + More - Publishing Royalties",,4535,6.0,
life_of_rights,"Hip-Hop Publishing: Trippie Redd, PnB Rock & More",,5595,193.0,
partial_30_year,"""All The Way Up"" - Fat Joe & Remy Ma",,4710,80.0,
life_of_rights,"HRVY, Matoma, H.E.R + More Publishing Royalties",,5862,42.0,
life_of_rights,"Joel Corry, David Guetta, Bryson Tiller, HRVY, Matoma, Becky Hill + More Songwriter Royalties",,5863,80.0,
life_of_rights,"Becky Hill feat. Meduza, David Guetta + More - Producer Royalties",,5849,107.0,
fixed_return,Music for Sports & Syndicated TV - Songwriter Royalties,,5872,3693.0,
life_of_rights,"""Booty Me Down"" & More KStylis Hits - Publisher Royalties",,5283,33.0,
life_of_rights,"J. Cole, E-40, 2Pac, B-Legit + more - Songwriting Royalties",,5860,328.0,
life_of_rights,Film Score Royalties from Shrek,,5832,513.0,
life_of_rights,90’s R&B Featured in Sitcom “Friends”,,5209,13.0,
life_of_rights,Producer Royalties from Drake Tracks,,5850,41.0,
fixed_return,Music Used in Film and Television - Songwriting Royalties,,5870,133.0,
life_of_rights,"Demi Lovato, Ella Mai, Camila Cabello + More - Publishing Royalties",,5782,27.0,
life_of_rights,"aespa, SuperM, EXO, NCT Dream, + more - Songwriter Royalties",,5867,137.0,
fixed_return,Sound Recording Royalties for Switch,,5787,77.0,
life_of_rights,Sound Recording Royalties for David Houston,,5841,324.0,
life_of_rights,"Migos, Kevin Gates + More Publishing Royalties",,5603,32.0,
life_of_rights,Lil Dicky’s “Professional Rapper” feat. Snoop Dogg + More Songwriter Royalties,,5336,5.0,
life_of_rights,"""Familia"" from Spider-Man Movie + K-Pop Hit",,5006,3.0,
life_of_rights,"Hip-Hop Publishing feat. NoCap, Quando Rondo and More",,5639,11.0,
fixed_return,"NBA Youngboy, Quando Rondo, & more - Publishing Royalties",,5838,11.0,
partial_30_year,DJ Khaled’s “GREECE” (ft. Drake) + More Songwriter Royalties,,5713,39.0,
life_of_rights,"Music Placed in TV & Film - Un Si Grand Soleil, Ginny & Georgia, Awake + More",,5827,179.0,
30_year,"Devin Kennedy, Spencer Sutherland + More Songwriter Royalties",,5826,46.0,
partial_30_year,Lo-Fi Hip-Hop Royalties Featuring Smeyeul,,5125,9.0,
life_of_rights,"Nathan Dawe feat. KSI, Talia Mar + More - Producer Royalties",,5820,101.0,
partial_10_year,"Travis Scott's Hit Single ""FRANCHISE"" - Songwriter Royalties",,4702,4.0,
life_of_rights,"K-Pop & J-Pop Publishing Royalties Feat. AAA, LOONA + More",,5829,24.0,
life_of_rights,"Publishing: NBA YoungBoy's ""Carter Son""",,5633,2.0,
life_of_rights,$uicideBoy$ & M.C. Mack - Publishing Royalties,,5811,4.0,
life_of_rights,"Cardi B & Megan Thee Stallion’s ""WAP"" - Producer Royalties",,5803,51.0,
life_of_rights,"One Ok Rock, 5 Seconds of Summer + More Publishing Royalties",,5613,75.0,
life_of_rights,"Warren Zeiders, Martina McBride + More Publishing Royalties",,5817,7.0,
life_of_rights,"Warren Zeiders, Eric Paslay, Martina McBride + More Songwriter Royalties",,5816,137.0,
life_of_rights,Soulja Boy & Beyoncé - Songwriter Royalties,,4258,66.0,
life_of_rights,Streaming-Driven Hip-Hop/Pop Featuring Beyoncé,,5193,106.0,
life_of_rights,YFN Lucci & Bankroll Fresh - Publishing Royalties,,5808,11.0,
life_of_rights,"Iconic 90s Hit ""I Got 5 On It"" and More - Songwriter Royalties",,5215,3.0,
life_of_rights,"Publishing - ""Shooters Inside My Crib"" by Quavo + More",,5597,7.0,
life_of_rights,Book Royalties from How to Draw Cool Stuff,,5801,12.0,
life_of_rights,"Film Scores from Stanford Prison Experiment, Villains, Submarine + more",,5744,36.0,
fixed_return,"Breach, Cosmic Sin + More Film/TV Music",,5796,132.0,
partial_10_year,R&B and Hip-Hop Songwriter Royalties featuring Zayn and More,,5084,15.0,
life_of_rights,"Trey Songz, K. Michelle + More Publisher Royalties",,5794,16.0,
life_of_rights,Songwriting Royalties for G Herbo,,5802,36.0,
life_of_rights,"""Choices"" by E-40 - Publishing Royalties",,4939,2.0,
partial_10_year,"Music for Television Including ""Black Lady Sketch Show"" and ""Real Housewives""",,5731,39.0,
life_of_rights,"""Ice Cream Paint Job"" by Dorrough - Publishing Royalties",,5797,2.0,
fixed_return,"Rvssian, Rauw Alejandro, Chris Brown + more - Songwriting Royalties",,5789,44.0,
partial_30_year,"Royalties Featuring Birdman, NBA YoungBoy and Young Thug",,5120,8.0,
life_of_rights,"Cardi B's “Bodak Yellow"" & More",,3158,3.0,
life_of_rights,"Trey Songz, K. Michelle + More Songwriter Royalties",,5785,25.0,
30_year,"RL Grime, G Eazy, Machine Gun Kelly, + more - Songwriting Royalties",,5783,94.0,
fixed_return,"Math Hoffa's Podcast ""My Expert Opinion"" - YouTube Royalties",,5728,3358.0,
life_of_rights,Royalties From Adina Howard’s “Freak Like Me”,,5775,6.0,
fixed_return,Songwriter Royalties for Jerry Garcia of The Grateful Dead,,5784,360.0,
life_of_rights,Kay Flock’s “Opp Spotter” + More Publishing Royalties ,,5772,20.0,
life_of_rights,Independent Dark Pop from Simon Curtis - Songwriter Royalties,,5083,35.0,
life_of_rights,"Skan & Krale, Brevis, Drama B + More - Songwriting Royalties",,5716,66.0,
life_of_rights,"Publishing Royalties: Ray J's ""Sexy Can I""",,4508,3.0,
fixed_return,Sound Recording Royalties for OJ Da Juiceman,,5781,187.0,
fixed_return,Royalties From Waka Flocka Flame Recordings,,5773,554.0,
fixed_return,Sound Recording Royalties for Token,,5769,21.0,
fixed_return,"Performance Royalties for TV/Film Music Featured on Apple+, Netflix, Hulu, & more  ",,5766,941.0,
fixed_return,Baby Money - Sound Recording Royalties,,5770,82.0,
fixed_return,Sound Recording Royalties for OJ Da Juiceman,,5741,231.0,
fixed_return,"OJ Da Juiceman, Gucci Mane, and More - Publishing Royalties",,5735,67.0,
fixed_return,"Veeze, Babyface Ray, Icewear Vezzo + More - Songwriter Royalties",,5732,145.0,
fixed_return,"OJ Da Juiceman, Gucci Mane, and more - Songwriting Royalties",,5729,265.0,
fixed_return,Althea René - Sound Recording Royalties,,5719,81.0,
fixed_return,Songs by Kenny Lewis & One Voice - Sound Recording Royalties,,5666,68.0,
fixed_return,Music Used In Promo & Advertising,,5655,880.0,
fixed_return,Dem Franchize Boyz - Artist Royalties,,5607,14.0,
fixed_return,Yellowcard - Publishing Royalties,,5593,54.0,
fixed_return,Bobby Messano - Sound Recording Royalties,,5590,71.0,
fixed_return,Gavin Magnus - YouTube Royalties,,5489,435.0,
fixed_return,Common Tribe - Sound Recording Royalties,,5552,49.0,
fixed_return,Lofi Instrumental - Label Royalties,,5507,277.0,
fixed_return,Sound Recording Royalties From Background Music Playlists,,5450,38967.0,
fixed_return,"Kiya Juliet, Rayy Dubb & John Gabbana - Sound Recording Royalties",,5420,137.0,
fixed_return,Pop/Rock Band - Panicland - Sound Recording Royalties,,5451,12.0,
fixed_return,Power ft. 50 Cent + More Film & TV Music,,5395,880.0,
fixed_return,The Boss Starring Melissa McCarthy + More Film & TV Music,,5401,372.0,
fixed_return,Worldwide Film and TV Music - Songwriter Royalties,,5392,740.0,
fixed_return,Hip-Hop Artist 7oh2 - Sound Recording Royalties,,5320,58.0,
fixed_return,David Morris - Sound Recording Royalties,,5365,28.0,
fixed_return,Artist Jon Wolfe - Sound Recording Royalties,,5347,118.0,
fixed_return,Hollywood Anderson Sound Recording Royalties,,5366,12.0,
fixed_return,Mgm Lett - Sound Recording Royalties,,5353,43.0,
fixed_return,Music Placed in International TV,,5331,1134.0,
fixed_return,Iconic Producer Jahlil Beats - Sound Recording Royalties,,5335,605.0,
10_year,"Justin Bieber's ""Favorite Girl"" + More Publishing Royalties",,5326,26.0,
fixed_return,"Dateline, Love & Hip-Hop, Catfish + More TV Music",,5322,488.0,
fixed_return,"Jim Jones, Ludacris, + More - Songwriter Royalties",,5319,113.0,
fixed_return,Hotel Transylvania 2 + More Film & TV Cues,,5303,496.0,
fixed_return,Diverse Placements in Film & TV - Smurfs + More,,5285,262.0,
fixed_return,Naked & Afraid + More TV Placements Across the World,,5266,1111.0,
fixed_return,"Ye$haYahu's ""Elevate"" + More Sound Recording Royalties",,5232,13.0,
fixed_return,TV & Advertising Music Placements,,5196,1216.0,
fixed_return,Lew Mr Blue's #Sweetladychallenge & More,,5176,50.0,
fixed_return,Keeping Up With The Kardashians TV Music & More,,5165,196.0,
fixed_return,"""Lil Bebe"" by DaniLeigh - Producer Royalties",,4936,2.0,
fixed_return,UK Radio and Worldwide Television Placements,,5101,1704.0,
fixed_return,"""Colors"" by Jason Derulo & ""Dealer"" by RMR - Producer Royalties",,5044,8.0,
fixed_return,"[Advance] Fixed Return: ""Shake That A$$"" by Kstylis",,5037,10.0,
fixed_return,"[Advance] Fixed Return: ""Player"", ""Nasty Freestyle, Pt. 2"" + More from T-Wayne",,4996,53.0,
fixed_return,TV Music Royalties From Impractical Jokers + Other Reality TV Series,,4771,13712.0,
fixed_return,[Advance] Fixed Return - Established Production Music Catalog,,4857,983.0,
fixed_return,[Advance] Fixed Return - Diversified Production Music Catalog,,4822,122.0,
fixed_return,[Advance] Fixed Return - Kstylis AKA “The King of Twerk”,,4716,170.0,
fixed_return,[Advance] Fixed Return - Grind2Hard Osh'a,,4656,57.0,
30_year,Songwriter Royalties from Alt-Rock Band - The Spill Canvas,,4181,62.0,
fixed_return,[Advance] Fixed Return - IshDARR Sound Recording Royalties,,4639,150.0,
fixed_return,[Advance] Fixed Return - Reggaeton From Luigi 21 Plus,,4476,79.0,
fixed_return,[Advance] Fixed Return - Jory Boy Sound Recording Royalties,,4477,22.0,
30_year,"Platinum hit ""Whip My Hair"" By Willow Smith",,3874,2.0,
partial_10_year,19-Year-Old Hip-Hop + R&B,,3682,18.0,
life_of_rights,Asset #3468,,3468,3.0,
partial_10_year,Estelle’s Grammy-Winning Hit “American Boy”,,3062,42.0,
life_of_rights,Asset #3172,,3172,24.0,
life_of_rights,Asset #3290,,3290,9.0,
life_of_rights,Asset #3291,,3291,17.0,
life_of_rights,Asset #3066,,3066,194.0,
life_of_rights,Asset #3166,,3166,126.0,
life_of_rights,Asset #3078,,3078,123.0,
life_of_rights,Asset #3087,,3087,92.0,
life_of_rights,Asset #3088,,3088,31.0,
life_of_rights,Asset #3086,,3086,5.0,
life_of_rights,Asset #3077,,3077,28.0,
life_of_rights,"Akon's ""Mama Africa"" + More Publishing Royalties",,5269,21.0,
life_of_rights,"""Foolish"" by Jack Fowler and More - Songwriter Royalties",,5180,21.0,
life_of_rights,"""Blood All On It"" by Gucci Mane and More - Songwriter Royalties",,5220,4.0,
life_of_rights,"Hip-Hop Publishing feat. NoCap, Quando Rondo and More",,4982,11.0,
life_of_rights,"Hip-Hop Publishing feat. NoCap, Quando Rondo and More",,4982,11.0,
life_of_rights,Diverse R&B Catalog,,4882,93.0,
life_of_rights,Diverse R&B Catalog,,4882,93.0,
10_year,Cues from The Carbonaro Effect,,4804,5.0,
10_year,Cues from The Carbonaro Effect,,4804,5.0,
life_of_rights,"""Floor Seats"" by A$AP Ferg + More Publishing Royalties",,4868,5.0,
life_of_rights,"""Floor Seats"" by A$AP Ferg + More Publishing Royalties",,4868,5.0,
10_year,"""Drug Addicts"" by Lil Pump + More - Songwriter Royalties",,4859,5.0,
10_year,"""Drug Addicts"" by Lil Pump + More - Songwriter Royalties",,4859,5.0,
life_of_rights,Established Jazz & Instrumental Royalties,,4847,601.0,
life_of_rights,Established Jazz & Instrumental Royalties,,4847,601.0,
life_of_rights,Diverse R&B Catalog,,4277,93.0,
life_of_rights,Diverse R&B Catalog,,4277,93.0,
life_of_rights,"Pop, KPop + More Publishing Royalties",,4829,91.0,
life_of_rights,"Pop, KPop + More Publishing Royalties",,4829,91.0,
10_year,Holiday Hits and More Pop Performance Royalties,,4817,5.0,
10_year,Holiday Hits and More Pop Performance Royalties,,4817,5.0,
life_of_rights,Songwriter Royalties Feat. Lil Durk,,4721,55.0,
life_of_rights,Songwriter Royalties Feat. Lil Durk,,4721,55.0,
